scene_id,sub,1,2,3,4,5
0,1,-0.0031732084480928964,-0.03220219164628428,-0.2831094722186739,-0.03899026016508843,-0.04726173292597759
0,2,-0.19788824941646088,-0.03166774628618874,-0.025900076690921744,-0.046501465799033435,-0.21402562949956938
0,3,-0.05371105117073406,0.005025257307324379,0.18241523222612913,-0.033713337831257836,-0.07968091287259998
0,4,0.06648555139505623,0.05959190063951149,-0.05600905785387777,-0.04965122043504616,0.008194543271699209
0,5,0.04838110068133791,0.08043621397889325,-0.08810951905461194,0.009902429106124044,0.06008259139728388
0,6,-0.019338269253020124,-0.07429773088142992,0.11466754221261732,-0.02664485932889609,0.01824951574543937
0,7,0.05002181406330608,-0.21854767294491126,0.03368136847280086,-0.1093403941493988,-0.05022968106894834
0,9,-0.1331431577762567,0.019768886508264846,-0.023447729223668817,-0.014330312057986686,0.07308209105042406
0,10,0.006150779315372709,-0.02869976651191728,0.09998821447952864,0.07895335170435469,-0.034206282386946715
0,11,0.09934546380004625,0.14568736361095191,0.08292543239535816,-0.11966049066925157,-0.061889326768529845
0,12,0.03528490531355906,-0.039769546909922196,-3.781320718344791e-4,0.02678472851149027,-0.1841720655200809
0,13,-0.13473636540570952,-0.015565943120328662,-0.11710422595581717,0.07067024873538162,0.048200924633507024
0,14,0.025323620830139098,0.045580502213123646,0.030459283422122903,-0.005497133641931582,-0.06234999741587736
0,17,0.018302721730570286,0.022964488010933735,-0.025860592385027407,0.03982443867430114,-0.05339004346250237
0,18,-0.02429000168183847,0.015245771996596182,0.04069518379773721,0.05371662308685614,-0.12182858249319634
0,19,0.027115257985241524,0.02996967958512206,-0.06176693620274459,-0.007913011181220175,-0.17898004812809853
0,20,0.027003633386340792,0.011436556889853178,-0.08896566530360753,0.025733409234403898,0.07680286631201769
0,21,-0.0759202325647291,0.1259659241983311,0.11399815553517498,-0.0660692660265017,-0.02282759122016672
0,22,0.018108987771925544,-0.054598367493907576,0.04501727924449871,-0.050374496823709494,0.05446705103076039
0,23,-0.025084316439259485,-0.04600427375783189,0.05920821876715949,-0.00508593278644006,0.029321044557305564
0,24,0.09027169375095892,-0.22723950507140145,0.030380328076539495,-0.0018218379266498677,-0.0017591446624979704
0,25,-0.0398555211201808,0.023586276464977872,0.0642458373113182,-0.031834643811603086,-0.07736290584723256
0,26,-0.062273757025699025,-0.07732902857315617,-0.0023111640791378743,-0.08994061395063853,-0.06906295975998958
0,27,0.1032785319771995,0.0728960959892123,0.020620117483302017,-0.13404172304594314,-0.042165917558500896
0,28,0.051465340079832875,0.010839347468485569,-0.0766571060598083,0.04150299343822966,0.029571471628374098
0,29,-0.0474629188617834,0.002300444291257066,-0.04300481421858213,0.012681169300033247,-0.13373172258927316
0,31,0.07500122032134676,0.03827959837275785,0.08188227671147262,0.008925804195744905,0.07057664073181183
0,32,0.1072502909284861,0.022838894860323818,0.1031887844419049,-0.009900334054812387,-0.25418989988961493
0,33,0.02297603405102367,0.015169055254119101,-0.01922977171813274,-0.07336806225565048,0.010278890307604191
0,35,-0.0360534773580646,0.05000296523238881,-0.03620574177695091,0.08541308858021537,0.12908650942077732
0,36,0.16164558664575251,-0.10781668725011187,-0.05909366862352927,0.021318290887489134,-0.1036375263339776
1,1,0.038950122257787656,0.05617664936132917,-0.006506416585470127,0.06561588871041159,-0.00625997534094859
1,2,0.02276887589277951,-0.02694343669385469,-0.060404032822249876,0.039623656240250105,-0.044118303159285416
1,3,0.011111410341908889,0.06724506775996049,0.07310115793336819,0.08473755710447328,-0.04468510119179454
1,4,0.16337285374891697,0.02499676730847928,0.18771294194276578,0.010439238530952903,-0.012704531755655581
1,5,-0.04283632937494673,0.035773643079154774,0.04097390337717539,0.019662727963676727,-0.026886034592659088
1,6,-0.07830190388592112,0.0911449985522551,-0.026358422208531063,-0.0613383809859752,0.04475344380075322
1,7,-0.1075810850372248,0.09809806913153973,0.005520993702546658,0.041080954353666196,-0.011912955508185285
1,9,0.042534418922884655,-0.0845193748950622,0.008376784035982111,0.04980728769355702,-0.10551226867181053
1,10,-0.06390307136743063,-0.0706490096774065,-0.15317461664193796,0.0077750799272489,-0.014074860832464477
1,11,-0.05056301392613686,-0.1373433602929257,-0.03217371445271398,0.07147488385676029,-0.07303607667774992
1,12,-0.13440064069964452,-0.08230507898119774,-0.01955618327476133,-0.00382690179961551,-0.1287745731282298
1,13,-0.10268092187350217,-0.01704552810744358,-0.03257645479802966,-0.0893243930433218,0.0060665247968921775
1,14,-0.0161573829590513,-0.049322532837209894,0.07011657731468737,0.02437281242451951,-0.021577950673811436
1,17,0.09606325265208815,0.015583263826809902,0.11998107625357586,0.014794086953121996,0.08111148709723595
1,18,0.0195525024425644,-0.021101689594880117,-0.014272594540071196,0.18545910425618164,0.011489176606337744
1,19,0.056894495894209265,-0.057902779600902454,0.1884742509169631,0.029723053374877385,0.02353363274247678
1,20,0.13993025984182264,-0.1286577644814522,-5.931068678669202e-4,-0.001920790424256677,-0.031614419516672626
1,21,-0.018932710958308917,0.059246406798500545,0.03180287339518385,0.07403901697084564,-0.04724531420266738
1,22,0.04025145175005221,-0.051687801825571894,-0.00805889429912908,-0.07424403155891357,0.02949938929892542
1,23,0.018816963667125302,-0.024230657660571808,0.010027232824255564,0.011167302204800458,0.04459749830908723
1,24,0.17125574770304283,0.013079717760352508,-0.0928557116938584,0.03965401668160657,0.018057389667557204
1,25,0.11882323400043873,-0.05406852325351315,-0.0027669721663322044,-0.01607151168763772,0.11677145194819227
1,26,-0.1235208568827307,0.09782727990112904,0.12140429980222117,-0.09089394286733932,-0.004695187116357753
1,27,0.06921328225603696,-0.007205984579877062,-0.012398389629565215,0.08091096517814075,0.03526123898494164
1,28,-0.06605269227484513,-0.03780614197104099,-0.02966697987417455,0.048391484375097965,-0.08592483070378512
1,29,0.012102333807473862,-0.15839426716017885,0.07645174086991433,-0.05472691710586965,-0.0603093138914048
1,31,0.018284037835833128,0.048672278365284385,0.029732254399174436,-0.0202957842524472,0.05678678116772781
1,32,0.059032864606047813,-0.0021388362829889637,-0.02293007723383507,-0.08498506832275148,-0.01261290243760726
1,33,0.02257335836175243,-0.016566564511980297,-0.005108287186919252,0.07394722215615135,-0.01485599049858298
1,35,-0.09260485621293202,0.011808552718991311,-0.08128622388539418,0.10113381221092646,-0.03939490437205668
1,36,-0.11986474451290498,0.1110590133423261,0.11221402813252321,-0.083974891081934,-0.010251257693997026
10,1,-0.14227919713989126,-0.05707503921489781,0.01948254626638833,-0.024438628727674248,-0.07286603036618369
10,2,0.10973236774885747,-0.021021340392349895,-0.00714702182755849,-0.1004274928779929,-0.060450346447510545
10,3,0.057878354888817526,-0.0914560326782711,0.05557132545632864,-0.08499860832016011,0.0286216463414488
10,4,-0.14128752759899502,-0.07378348735284143,-0.08519161651358052,0.017897769069088923,-0.04584688146293657
10,5,-0.011593606709142064,0.09631659793380529,-0.10845326761280444,-0.11086765149987209,0.02698539576788358
10,6,-0.037446261396709486,0.07976913307458643,0.053387868104122424,0.002174865447467353,0.025415980422619562
10,7,0.07671345841446296,0.059425174884477364,-0.1032246740179884,-0.013471868698473034,0.029345452727590003
10,9,-0.034933225039163567,-0.13203254289814853,-0.018613903450163435,-0.05064946784371209,0.01902816928971068
10,10,-0.05270763290415202,0.1841799318673455,-0.006182318970222929,0.07654631982823945,-0.0146960642696818
10,11,-0.07083626002899504,0.05129383805707274,-0.04980672179035328,-0.025875255835951027,-0.0893703453674703
10,12,-0.03026306820091951,-0.05055166289488476,-0.12473076067682437,0.07038424263200692,0.03806772150287817
10,13,-0.07494817565645041,0.12244050963496053,0.07685826617701956,-0.03422013588359545,0.028879775296594707
10,14,-0.0016810260552017516,0.07405029734747384,0.08235869817532371,-0.0897534044807492,0.005811116713361375
10,17,0.033837280642813265,0.06850297541420017,0.14100292916226853,0.05705358558942124,-0.06491959358578073
10,18,-0.03387225808659891,0.09833648226609643,-0.024780385924157322,0.09141960208754052,-0.021258769601406328
10,19,0.02463893259348851,0.0991225570981698,-0.12071917000488268,0.010364848935292138,-0.051506149456583425
10,20,-0.059087270722790186,-0.16300580701777165,0.03195295779656693,0.06343480084821781,0.08789154190323886
10,21,-0.046531882293503524,0.03874443610787582,0.005389709918708387,-0.027667079314493997,-0.033808743647960646
10,22,-0.005719663095061993,0.01857544017597785,-0.017554301426892207,-0.03965129913520626,-0.023670533325915767
10,23,-0.06441533695658884,0.04294925993423203,-0.023822537328772278,-0.07882446111753698,-0.03555050806012576
10,24,0.026896573503674366,-0.06125924215067854,0.07274251433361323,0.028632735073292528,0.009617980988133545
10,25,-0.03274939282010912,0.05279508635290041,-0.030245650771718292,-0.012281801391580985,0.066971922736904
10,26,0.047281171240058144,0.035787096518944,0.03442996724744314,-0.11172871897471724,-0.02557500610951552
10,27,0.09399139647735788,-0.02416226448068315,0.17665170831406699,0.0350643234788737,0.010328637731972012
10,28,0.079420417310614555,-0.15813569554460233,0.08742671845109597,0.08263456444950464,-0.009094327548973574
10,29,0.12133695583061394,-0.030957433923621443,-0.021934885557894995,0.02957851957336198,0.052185275273291774
10,31,-0.07116229211372199,-0.05234478316547162,-0.06603994284267152,0.03193961613726044,-0.023278094694644164
10,32,0.09218561665187072,-0.06146047473440306,-0.04925997812725422,-0.018051892735404106,-0.022625150064188866
10,33,0.032093182935539956,0.04344575160216306,-0.011312177448768425,0.005643468301004095,-0.005598815168188293
10,35,0.005757355178811138,0.06826379382041138,-0.06830380362023117,0.007425413642241793,0.03293759577236467
10,36,0.07711757085325927,-0.04863236960703714,-0.07999869668444337,0.07513071653757307,0.027800416762959506
11,1,-0.004403714262064333,-0.07820917612178738,0.1270388644409957,0.07131241616208944,-0.08538804726417497
11,2,0.09333640880222534,-0.006060312817009611,0.04949949058663049,-0.11781888330147375,-0.024031631138864085
11,3,-0.032346117136953206,-0.10859038955273181,0.009404235481890517,0.02198148707800364,-0.01128555125468246
11,4,0.12264606664753216,-0.1102438815504824,0.04490999602840409,0.07787548496263041,-0.019804955382764763
11,5,-0.03191322351025973,-0.014326706839633288,0.05619120925919293,0.06725126055548604,-0.032470780307568975
11,6,0.03882568920165052,0.12956406481744026,0.024593084033001145,-0.07338163419125755,-0.19787084731358054
11,7,-0.09798357431959684,-0.05829590718561543,0.18167944456712676,0.03279060272393137,-0.018325104512836678
11,9,0.05652572348185243,0.08582907649687099,-0.00024550064251002007,0.11693054886735237,-0.07461299933435228
11,10,0.01789514424066493,-0.018147689887175463,0.0819919874951335,-0.026494442492516986,-0.13459153437197385
11,11,0.18014393401405782,0.1704655996330901,-0.056099300377055655,-0.13761803363735214,-0.06628348564177802
11,12,-0.033156392199934576,0.02023458641579387,0.14280878780252082,-0.029867786518169098,0.06749042638997155
11,13,-0.08479987356344594,0.1542376514730004,0.007180431475386523,0.010747367113234124,-0.09408036712558274
11,14,0.021746863314492805,0.03305984639546836,0.002360756273125167,-0.052693329686159994,0.1392216517683213
11,17,-0.02175918204944087,0.007574106713641126,0.04047653423446619,-0.04595721838604038,-0.04520655429328687
11,18,-0.01600271084411652,0.09651997725158054,-0.09099129999798808,0.0058634624251165685,-0.04819588997793911
11,19,0.0196045785408814,0.029252460883960135,0.027982377025759467,0.02618962327577257,-0.04220769018482209
11,20,0.15824965417902623,-0.09011762877661926,-0.13758875573859033,-0.019726674662766702,-0.1355011065540362
11,21,0.04425556184232151,0.0286634993044797,-0.03984849609343149,-0.11051136906468943,-0.05197717572144324
11,22,-0.07909857032857923,0.1157831040954958,-0.008581716717811657,-0.08967978639029352,0.050727559296731534
11,23,0.056310808623073916,-0.13516215446305452,0.08844160801603822,0.016551049723398784,-0.01360914288967706
11,24,0.10243540319027547,-0.046060620476564174,-0.0011822007183384595,0.0016368266333732714,-0.053007627979710745
11,25,-0.015229612503890384,0.04917047182911674,-0.10431290957979138,-0.042005812535885534,0.014313115098158927
11,26,0.09819177419179753,-0.14515726959903125,0.08706626057023531,0.10437622978133146,0.15017599661974113
11,27,-0.07333878725316167,-0.12422525986592226,-0.04069835869275132,-0.04363114874825963,0.028095160261474794
11,28,-0.12774585207723763,0.007044936071558414,0.02881433757984811,-0.07335738666459476,-0.02930407692913273
11,29,-0.017290099583290596,-0.04613143733702689,0.1816594498067546,-0.16242256684167733,0.023466887883514954
11,31,-0.18788363700265115,-0.08798839901758927,0.12056429890276558,-0.05484749989482493,-0.06843396763687919
11,32,-0.06337875608196757,0.03409360452253034,-0.16931050589208538,-0.02613360938423767,-0.10524210039328051
11,33,-0.004159377770993573,-0.14907660175809798,-0.1278410361645973,0.10499578373476212,-0.008542091768121485
11,35,0.04244851745445459,-0.046855673490111875,-0.018726067929398564,-0.03578043915995666,-0.028230954169520796
11,36,-0.030824141665662535,-0.033225110414755274,0.048513486279224576,-0.11528933259632185,-0.13034962394369987
12,1,0.08332241327460384,-0.05236266941178454,0.011789907551866638,-0.1192205939065765,-0.071201513067240485
12,2,0.0068712314147485465,0.014634552696135023,-0.013886027724223024,-0.05298774936731329,-0.0397933546925801
12,3,-0.07732184142989482,-0.0036454495238214257,-0.0465900590931406,0.016067592424906456,-0.016159265165177912
12,4,0.02502093974497102,0.012345203282016659,-0.05971503450225196,0.020976627561554308,-0.012767631423350537
12,5,-0.03428200589865332,-0.008725209871390902,-0.018783082766051444,-0.14242818483891984,-0.1044858014891486
12,6,0.021403724310549765,-0.04159801336114485,-0.062061555444536995,-0.16022601794753782,0.049542127372581034
12,7,-0.06558041037197346,-0.047816238384724125,-0.05569260730355127,0.05056558540790207,0.0639344483913482
12,9,0.010176261773084828,-0.09332387366109399,0.10376029931120329,-0.06261445183683753,0.0017827633160057144
12,10,-0.015011904708294424,-0.036669838178998077,0.10340391688270191,-0.058188675963277925,0.1348732273574677
12,11,0.012799543582756978,-0.09359415090654992,0.0774937121785688,-0.04444080478551835,0.03651207980801452
12,12,0.022533914509426788,-0.05394058690596881,0.04765945889679475,-0.05221765444694064,-0.01142187860407572
12,13,-0.1304782750348764,-0.23565967672528898,0.13625228945598794,-0.15338203023436844,-0.015278123668439614
12,14,0.013511140446175011,-0.0173127812644521,-0.008708668714132783,0.1366356166747868,0.04299887561667164
12,17,0.11176492073001762,-0.06162068625435572,-0.016827580439068485,-0.19081518621469865,0.018198024492606792
12,18,0.0301262080661044,0.02957908417277478,0.1168641823893786,-0.005413857422375667,-0.05444963331434962
12,19,0.05502839655282292,-0.06854879749767487,0.012822233967428404,0.05159062627270474,-0.013938660971296368
12,20,-0.140303331013559,0.01835242581240775,-0.09111904616347277,-0.012197084174777703,0.05631137273703238
12,21,-0.06261927706280027,0.04714840425144268,0.0887392885280487,-0.040134291922943335,0.06740982843942003
12,22,0.0900773331698905,-0.0478641810027724,0.05663946592865257,-0.01343855389774105,0.06558331205667069
12,23,0.12134681993790855,0.170649605314026,-0.0220919660051282,-0.10878553400635162,0.050788117840393436
12,24,0.046426573907887285,-0.017404388250722908,-0.0697991872473271,-0.03193735244361527,0.08431095001285657
12,25,0.039154325487851284,0.0574446046344891,0.09232660133530915,-0.07482365084780505,0.008240956555035692
12,26,0.119385819909433,0.006154658321970544,0.07318927257622083,-0.05096043807694916,-0.02641582557639009
12,27,-0.039471296801817414,-0.09371307348308316,0.027527365963055814,-0.024945333039220877,-0.07220761306421804
12,28,0.010184619434555148,0.0733581681272294,-0.07360133503560183,0.09473815633145063,-0.07372239807923675
12,29,0.07926381660105239,0.048566309176545114,0.0739591560635219,0.11230414748617833,-0.048898684560877995
12,31,-0.03620467156628532,0.08128982785307401,-0.04177020706640823,0.0377616256821624,0.027608390179897503
12,32,0.0367485155555418,-0.07612508796099403,0.09905623835851007,-0.022970142668911682,0.026340707737028478
12,33,0.026353888885622914,-0.025004227745573523,0.07859914316296351,-0.0394581935423676,0.05645951685568586
12,35,0.028020329320612356,-0.07310737551667443,-0.11726943729530506,0.057935004104275545,0.015201737958306281
12,36,0.11608639452224506,0.05079069265214858,0.0169703013450127,0.006844809958968585,-0.06273098535127423
13,1,0.04220280326005096,-0.028854647532486562,-0.03849476035086538,-0.005036086893284261,0.08644244495557178
13,2,0.006501362188838285,0.14007283151074532,-0.08959813638542788,-0.023966642008508426,0.05366601418357339
13,3,-0.22274976467624583,-0.0027780897713928516,0.12607529342556426,-0.06890784730683595,0.04479598750460773
13,4,-0.04421609782196295,0.09603912419724048,0.14674894622510293,-0.08252559369055464,0.006167989979270148
13,5,0.006789580848532241,-0.049823366561750126,-0.04750208526549622,0.036577225221098006,-0.050747747760719344
13,6,0.05852587285544285,-0.16817789009410333,-0.021198110682989102,-0.0934788266519627,-0.015449473086666558
13,7,-0.061021655902899596,0.09351816676710314,0.03254334353138967,0.05327094988247957,-0.04054805300511235
13,9,0.023025147940735492,0.048298497708761524,-0.058301200204850405,-0.0226033902391877,0.021338242551791207
13,10,-0.03531706931245715,0.11433843002636726,-0.043658137359101346,-0.05374867187758921,-0.08721121129396803
13,11,-0.02543496288675718,0.016237275375065346,-0.1299146030939587,-0.15850352017696734,0.17998586411414058
13,12,0.09951039858933587,-0.08479649882671764,-0.02800111757039193,0.0625451644665407,-0.01092772719873102
13,13,-0.12246069597128066,-0.010968084104992932,-0.05045815198664592,-0.07496578083091003,-0.02210354188388153
13,14,-0.06865288382475307,0.05227461188378842,0.06135077358966409,-0.06960297341261369,-0.013300267162934384
13,17,4.7173170353091536e-4,0.03686245894044206,-0.016380580704100423,-0.11369235436245126,-0.0588156902754119
13,18,0.0381724919495244,0.07045219463069727,-0.14623568799831083,-0.06860208130337757,0.13934719212144486
13,19,0.05402636559805629,0.01746456496920453,0.045424901296478186,0.02830534992589046,-0.07638454012941648
13,20,-0.03269957989542305,-0.08497733872026002,0.03263822794513674,-0.040127660574387436,-0.0069661555744690434
13,21,-0.028355189587840498,-0.02966949073415902,-0.0031571305215206402,0.05790017851050491,0.08234898316185904
13,22,0.043695888061878,0.06635209677347889,-0.07328903486776049,-0.13468342571911818,0.01943220486590434
13,23,-0.033263206312553216,-0.0964826696159991,-0.006438068586550626,0.040051012597925865,0.12144240619592869
13,24,-0.061726695116722005,-0.07622026589626155,0.14056983576076698,0.018817826016941718,0.06797951547286131
13,25,-0.02504962170114091,0.05735758945695463,0.021378701237625544,0.007089094557265037,0.07008383036212325
13,26,-0.022564144792946418,0.08683501330193874,0.10070709302685901,-0.09965268452085968,0.0076037530897110975
13,27,-0.06023666153768807,0.005206427558444082,0.10712411119598254,-0.11374502838962695,0.003513592716146036
13,28,0.05864308314872696,-0.0627096511343108,0.11036880100888274,-0.04068626368535,-0.1530530684732917
13,29,0.11846382383068849,0.009615725629996227,-0.09632398711093992,0.13542213659194272,-0.04388442421736952
13,31,-0.012010356060269803,-0.0026841455025057755,0.0031114681116098733,-0.055088750715005075,-0.08507547455319309
13,32,-0.01705882461765701,-0.020788998618322833,-0.006154071799956423,-0.038131998425487104,0.026167594178908404
13,33,-0.04544788966603999,-0.014066977688273512,-0.07014492008481445,0.10106737957583001,-0.009055433525833656
13,35,0.025865795128145234,-0.06805887859267262,-0.030372315030599728,-0.023004213137008647,0.03004260752471516
13,36,0.017895254084449586,8.682449981087387e-4,0.03876556492908234,0.020402206807637907,-0.06671545248678185
14,1,-0.004035825306905376,-0.07352814741118915,0.12856476352508717,-0.0028916800985114913,-0.11681773936673515
14,2,-0.07152236519070024,0.04807844895895889,0.018974027912004005,-0.07800052435218972,0.003437049914905642
14,3,-0.04556581748564672,-0.10812980639108818,-0.09009111193157254,0.08770812881955847,0.15673649827300748
14,4,0.13367967803423367,-0.04206684794233979,-0.04645494417336775,0.04818731410207662,0.1566571137000183
14,5,0.0047919782960767834,-0.04340664636952484,-0.07272326523406264,-0.034921271895946335,0.05717105832276405
14,6,0.015180248046056263,-0.18973419634957542,0.019582821412204438,0.03563675484223295,0.05154141820368162
14,7,-0.06732511611016852,-0.01368252595440611,0.11005933108726401,-0.0111565205999338,-0.025364052692934562
14,9,0.10264601135080484,0.06230958313707499,-0.0672150929399522,0.04853541174798895,0.010603782593149546
14,10,-0.08962601106791246,-0.05410753519889143,-0.013652992909249824,0.04175566096274666,0.041175598364689814
14,11,-0.09341720783293823,0.06496277747551824,0.02047306383649075,0.0015698687715129667,-0.11668273648281435
14,12,0.024091581051671213,0.05470703945685669,-0.11245735881618019,0.08301700077910183,-0.054693816316246716
14,13,-0.09553720492303883,-0.008352654763293686,0.015605332482786838,0.06146980621229707,0.04129147643649381
14,14,0.10450281387042339,-5.929515876983357e-4,0.11503107368342573,-0.0734019517366252,-0.05043991861448386
14,17,0.058957763574236606,-0.1000718845229171,-0.0025174387949914306,-0.031226665448519455,0.036209030738304976
14,18,-0.02132799954927747,-0.06905721691681346,0.05142086574707615,0.03990588143798421,-0.08686488979483356
14,19,0.0827255019128288,-0.07970752114258621,-0.011885819850074954,-0.06102684099069963,0.05340632427916929
14,20,0.15788407418418238,0.1178321045933467,-0.08690640133234971,-0.007089230726707529,0.31134179643342574
14,21,-0.18178807674319852,2.7487074117545085e-4,0.060041894481327115,0.12202562732181914,0.029572316627580326
14,22,0.13939999885855064,0.13917676116030486,-0.09285653438535585,0.0205700568159973,-0.11437617213695027
14,23,0.02372665182901884,-0.011499140238028987,0.01677749964687415,0.1329779628222894,-0.016020963933841424
14,24,-0.17110738639168271,0.0030741734590103986,-0.011190842433923367,0.10438956638627113,0.014254739861571988
14,25,-0.06960869653133345,0.054956194418453085,0.16325881562281747,-0.04598859331230878,-0.042034759948822616
14,26,0.09776975918873673,-0.029845225285145376,0.00837862005611667,-0.19848152401909275,0.07170314670338736
14,27,0.1180460688895587,-0.0038842700837503005,-0.1011768069366481,0.022186834162418942,-0.14858881358948645
14,28,0.09824936937575983,-0.02048055689625851,-0.042620724248196885,-0.02914238206127928,0.052658969745333524
14,29,0.012165542477269281,0.05212868514443146,0.02466878810721796,0.13414102485588197,0.0998605808509298
14,31,-0.03195050871093148,0.07214197815045266,0.07548257785497837,0.05791674256830372,0.03994704948214861
14,32,0.010732349738657089,-0.08687849189744969,0.013457497304079573,-0.020885487682186604,0.1252248726601167
14,33,0.08521517014697494,0.0387529169987034,-0.048549335599447796,-0.04879749071067774,-0.09264273480108272
14,35,-0.03787020551058057,-0.06575337222099631,-0.06099262653444412,-0.09087556593226563,-0.0624489423725892
14,36,0.0707014147399854,0.10986131774620725,0.02298165716142118,-0.020106789292387177,0.06267121419226356
15,1,-0.04223035199773362,0.009276467138745852,-0.031893019825435374,-0.050938245468903826,-0.046566184519317266
15,2,0.06382880189229993,0.017755021199443884,-0.01781009937460771,-0.08076829108274275,0.032119238230119265
15,3,-0.02659574739920086,-0.027032223674460443,-0.06461582319869924,0.0199258132064409,0.02443963190225375
15,4,0.020623602294658712,0.03036737115657588,-0.13632327818917928,0.030569974805545144,0.10266586063839134
15,5,0.1003692163616416,-0.06096370435080698,0.08885871745629248,0.01841710474678562,3.5188522702293487e-4
15,6,-0.012696404715418087,0.11410394097174219,0.13833113406317965,-0.016977302839615856,-0.08150985353094188
15,7,0.011001861225968952,0.09845800664996879,-0.03288128871920523,-0.14296093723507985,0.0376484980937558
15,9,0.09801872305484191,0.02797257973164559,-0.03708550339131204,0.0718300220053305,-0.05523389952670618
15,10,-0.09979512141542482,0.027149200643042593,0.07796172894441251,-0.11793231876628667,0.0031169544639954617
15,11,-0.045283785977677606,-0.15638506180581588,0.11743686679940846,-0.17128996440587677,0.04165070018331471
15,12,-0.17863604143036027,0.04327767871345221,-0.033978380901047274,-0.05923869273322502,0.0745882814554108
15,13,0.020112232457171225,-0.027502859148030395,-0.049301737540465865,-0.018062484918006785,0.018297661671491258
15,14,0.02641886132909179,-0.07123762043476162,0.07398193890809832,-0.007693190950343339,0.032892280977690744
15,17,-0.009936871250447052,-0.04078466509045941,-0.11845755421480476,0.06363506455355238,-0.02383487882531468
15,18,0.03450147698103293,-0.026894828293359083,-0.018101429611126166,-0.03273033432869232,-0.04367258133064626
15,19,0.013384815413083055,-0.029501265293959373,-0.033023241235829406,0.1157744755471973,-0.11794277725966275
15,20,-0.01735257801222126,-0.07994451635670496,0.04260563684814456,-0.20910977071071893,0.07121752786748303
15,21,0.12979757768454867,0.06652329410843176,-0.02689165409520081,0.06800950943250067,-0.04584687476824886
15,22,0.009745909468768917,0.0859983092006419,-0.008973985009340067,-0.05227662764323697,0.1210306036747405
15,23,-0.03913809614506901,-0.005495225277970625,-0.07324213263577395,0.03093868258899017,-0.007668159754792718
15,24,0.05379907926297584,0.03343997806699285,0.042400082109923076,-0.010412993645596936,0.06741576016574909
15,25,0.011096288113696614,0.007821753216739162,-0.13168864865757623,0.09309935832835475,-0.011901958274895107
15,26,0.10616213437321737,-0.12983693352235642,-0.057482038911879293,0.04248541166067928,0.030016966935886506
15,27,0.079022706579149,-0.09473194930384647,-0.09147514026571146,-0.19449071007894153,0.04592389955522304
15,28,0.04010721201745607,0.09637162112027342,-0.004662637868150563,-0.01729503537945707,-0.01006387213641731
15,29,0.07465525321582048,-0.006836848874595486,-0.006185368542004244,0.06883087024234558,0.09320173888018066
15,31,0.03015385441135996,-0.0290021162297183,0.06517368666975441,-0.003813749322434769,-0.01709342252156893
15,32,-0.010498645853913503,0.05166215938907673,0.04969751295284435,-0.09941516665024999,0.045481058523704467
15,33,0.04116625715599233,-0.006688134983468416,0.015076138406069254,-0.04341226897618688,-0.01873172807459119
15,35,-0.013644930871000702,0.13829254926227452,0.18725009774866105,0.0329981261966961,0.09167881995551447
15,36,0.029862578693450395,-9.978716654202788e-4,0.08076068362697171,0.09685580294463547,-0.0856926541122425
16,1,0.049077087469369764,0.19971649142621004,0.04345665306331867,-0.023779686165524217,0.10362737519033315
16,2,0.04562580668351266,-0.020550271745631902,0.05261479428236387,-0.061399675410736355,0.17683727785991096
16,3,-0.06588556058058792,-0.011461419195233122,0.01828183306295112,-0.11156199571169907,-0.10491188807714891
16,4,0.04960287983313514,-0.015551637610830964,0.08970462916392244,0.020133334853842173,0.13969275818977503
16,5,-0.014097077844154945,-0.06564324540182082,0.11398278004966533,-0.008567861830958296,0.014287115476239915
16,6,0.06943344243282418,-0.08623201313458732,-0.12814122338046863,0.012631631292695997,0.06772466599295462
16,7,-0.015011241007198764,0.12537535730575253,-0.04514409009796212,0.022054452496303646,-0.021668185235202995
16,9,-0.12506988425704005,-0.03242737299227745,0.0481829977491578,0.09883048264260556,0.04967922122177926
16,10,-0.10145773966698889,0.017958227360621873,-0.21559593984791037,0.02695879634687723,-0.14472569320581716
16,11,0.006540695478975955,-0.04189815285353357,-0.03569681452319925,-0.019068653294361596,0.1090304176726953
16,12,-0.0886547257969815,-0.03874273056442292,0.02017356092261785,-0.08509712767322966,0.042218203390493605
16,13,0.07209581036421256,-0.06992134839377286,-0.05503762591592798,0.048436114123962246,-2.0858474319974257e-4
16,14,0.11854755091172951,-0.04349098576055739,0.06645454307537171,0.0011933990148729756,0.06590872557259815
16,17,0.011391067119198319,0.11725924755014061,0.0067851518128587696,0.10505881147206597,0.018391702584206013
16,18,0.09365974547934132,-0.01700103518509141,0.042607723918750305,0.09360240962818014,0.1816417482488946
16,19,0.020147752990005246,-0.09776093684916759,1.1431749475367126e-4,-0.038972493092065165,0.01082391994441266
16,20,-0.09565235937014555,0.1544788795896612,0.029384150680933592,-0.0022451138636224322,0.1257969409676097
16,21,0.04105038893877683,-0.028213362388535862,-0.10084357438994312,-0.009760327782772728,0.1009173995420205
16,22,0.03576180115578835,-0.08956992947440855,0.07904132230921057,0.07986826311827643,-0.06672593884471753
16,23,0.13504183777873519,-0.06871070393556045,-0.17783281749132618,0.012124287547394953,-0.07229276152961323
16,24,-0.001565801337251654,-0.07497812892259509,0.008147357531084209,6.574749171704879e-4,0.07794493663515474
16,25,-0.026942883081638024,-0.08122741730288703,0.037358649310694374,-0.16159518092034925,-0.05980541272988695
16,26,0.1054064674079331,0.04831850519873102,-0.08787260829101963,0.15100871140182248,0.14780524556096516
16,27,-0.033800974271344736,-0.18671232367709717,-0.04482562988240254,0.05038479919682372,0.06093400476590845
16,28,-0.04084820970646936,-0.012993056445354912,0.026597654319531528,-0.10520184804273819,-0.015679633489928978
16,29,-0.00433269204368647,0.05708696855901836,0.0686799097568479,0.056801205379631396,0.026364218849295164
16,31,0.061084703065936524,-0.01589191378812138,0.035113595717909084,0.007231402565932306,0.0658806674580731
16,32,-0.017816459055406884,-0.057928987910553176,0.07464140454504631,-0.03833952063794842,-0.05385042242710238
16,33,-0.04978698274732428,-0.028646183131303307,0.08755807547488671,-0.024361711318931487,-0.07007569198713122
16,35,-0.0558548811136145,-0.04980410328793369,-0.020573197568703974,-0.11749357013304894,0.04537400341613562
16,36,-0.024138236719364763,0.22329901459444196,0.03247276034496882,-0.054345620984315,-0.03778173781923909
17,1,0.10426371399115689,-0.05517634407947424,-0.0026298057347833304,0.0610967943232021,0.026928965486750264
17,2,-0.022853181685158687,0.11658960569489193,0.1187704737384144,0.1179669753439532,-0.021666890695626686
17,3,-0.06127456616568469,0.10238369095141286,0.08145696177215991,0.004451854082338655,0.012713865445857772
17,4,0.0059694346533956544,-0.06383151291039507,0.09896025785894906,-0.10859658124666294,0.11548903455795057
17,5,0.05524690180051972,0.0030705245053678012,0.0681418838769596,-0.08612537175186769,0.01045660434178703
17,6,-0.064711989425869,0.2781127210238129,-0.09490125907754765,0.09488083845498466,0.016470054847929152
17,7,-0.03992983006239892,-0.008474337015060958,0.11639161814782062,-0.03787952263858515,0.024101438172067988
17,9,-0.029004798730028137,0.12486111045598894,0.055041671455960395,-0.07937958620445063,0.002988536761664974
17,10,-0.060533122320583166,0.038472165206975585,-0.015113372743382151,0.017196856513859167,-0.08533286238507143
17,11,0.003295656252312682,0.1977475082256075,-0.10741348758381443,0.059553451306043836,0.024188308621722762
17,12,-0.05682208655435838,0.11535507532037592,-0.007163819648778264,-0.021942545973057472,0.05288418750176458
17,13,0.13747036926621667,0.16033243981306866,-0.011909729608233416,0.105447987690042,-0.05143153758425066
17,14,-0.03548773900727042,0.05291804225020222,0.010426620733693437,0.1157489575396429,-0.07822974547581561
17,17,-0.013475137613118214,-0.026775745009350274,-0.22743337136882558,0.16560549115612389,0.0738160212594925
17,18,0.12791093200045534,0.16607239508375943,-0.15013706223042442,0.05832879404969762,0.0337611942003997
17,19,0.03255088154524239,0.10042957149326169,0.06323567911370624,-0.02140624915382386,0.051720087794957126
17,20,0.046952406018256385,0.04463129195290959,0.06783501161901115,-0.030358632651042022,0.11228080176909647
17,21,-0.10613758853278851,-0.0019399824076125841,0.08055364855511853,-0.09969987434198861,-0.046390947309697145
17,22,0.02401714451761235,-0.06504221519446281,0.010132456975896573,-0.026581178149830954,0.008967622674608995
17,23,-0.03836936072585731,-0.0676303618706099,-0.02284360548080396,-0.14440603870621999,0.02236967686969433
17,24,0.0060908316946011246,-0.05063179132123896,-0.007100865070830367,0.030018193208396653,-0.1481878069928919
17,25,-0.06150143443894604,-0.019321585008536358,-0.039648762422757146,0.05699286637566171,-0.17053811065614727
17,26,-0.018193625708278052,-0.0037488314539970216,0.05415747844884578,0.03534872773788975,-0.09507397897661529
17,27,-0.07884968585632751,-0.027469046984772136,0.022463198368396414,-0.04713841192136607,-0.009385218416846045
17,28,-0.07296228400798527,0.051774523110944194,0.10869689814967702,0.07745002825150929,-0.054851598577230355
17,29,0.016306909895186406,-0.0756303461762972,-0.011970860014578186,0.07121951589359912,0.07330361368731772
17,31,-0.0469223818727903,0.04507574089363063,-0.0396884612086431,-0.07390888986929747,0.08896349643412209
17,32,-0.12474022478904824,-0.0679998366528714,-0.09099645521146485,0.11754479377114652,-0.07061328144767026
17,33,-0.008654590050178585,-0.16892928896549392,-0.09368116580237029,-0.071243173260179593,-0.0050760734175676545
17,35,0.02110388768133995,-0.027875315548500063,-0.14057596697434493,0.036150862060550105,0.16703973755990975
17,36,-0.11828964227207928,0.017134928006258737,0.028425909841535146,-0.0353897833080644,0.17497026604953395
2,1,-0.12258177978535298,-0.006029431506973595,0.04614411715180502,-0.021793979739870212,-0.05839966828275932
2,2,0.045691341985625564,0.07966185047245077,-0.029084320632712407,0.13157652784619978,0.04419105842436502
2,3,0.17691686623707079,-0.18557323442933896,-0.077786778645811,-0.0775575324331427,-0.034025604679692886
2,4,0.004316638917261258,-0.043599501440985275,0.05994984453815882,0.02636599100454903,0.17375466448437632
2,5,0.12281669225734151,0.018603580406849597,0.07833331224916344,-0.11179598396119919,0.05662405478557314
2,6,0.0342212931450025,-0.02197633837958407,-0.04775155755165032,-0.03551842515773528,-0.1229027788394121
2,7,0.015935252994350516,-0.12463700302820613,0.010198301152487682,0.04509217450300901,0.033785641563261755
2,9,0.11821825891729058,-0.0703669143719112,-0.11266435292125807,-0.0449385378436484,0.0242140788948017
2,10,0.035622027844870535,-0.09330671971870488,-0.0034065408770855773,0.06726896407074179,0.014316775112865195
2,11,-0.02971259727273593,-0.08115371652812206,-0.13511200163683726,0.03934310349634913,-0.029281465425398626
2,12,-0.020107601262960212,-0.034113111657131545,-0.002295310419505099,-0.11646613148133908,-0.12275476029366113
2,13,-0.09009971611672928,-0.06059059573978835,-0.06264912772864342,0.13120755275386892,-0.0022780094121632975
2,14,0.09247075923494835,0.016849854687355767,-0.049836501982217146,0.0058995811824153754,0.03466242078215147
2,17,-0.02281149042355238,0.08862045240739343,0.004365424896434371,0.025396163580981512,-0.07890020722124877
2,18,-0.025203436152842797,0.12950183018625727,0.11464198400862229,-0.01963121248943447,0.008867207288931943
2,19,-0.010979737660385597,-0.056882481396717526,0.08578974317740268,-0.056217532959483854,0.013695470158645036
2,20,-0.16260803960034523,0.029081367318326348,-0.07869719116520014,0.102120506593357,-0.11361822290799668
2,21,-0.023280805189842872,0.02130825310426671,-0.14294832753144687,0.021947475835117414,0.14771917618747846
2,22,-0.04995200747917217,-0.025666172867262707,0.022740290230520592,-0.02277169347117946,-0.0275619739799894
2,23,-0.0670330611598203,0.018396867857843807,-0.08105444305482493,-0.06009607957825888,0.013878828827479938
2,24,0.1533433315244822,0.04920762783194723,0.008980536673429504,-0.026742727007776915,0.14235378550252814
2,25,0.05420604868904662,0.0023546118839258764,-0.2853097417881005,0.04125525999483216,0.024509953736843042
2,26,-0.047914819932589406,0.00891661511892236,0.07997791215660094,0.24092048231077795,-0.02815242529817681
2,27,0.07450080061266233,0.015166518347748457,-0.07743059739127607,-0.10900345246917821,0.13180340218125147
2,28,0.012510179610560841,0.029269778709710384,0.017849304555027243,0.013741183519626086,-0.0425727968462484
2,29,0.023303043794158942,0.22177643052776355,-0.13112906197038396,-0.06822092765248122,-0.1173986009580484
2,31,0.06257328189927919,0.0496251952731353,-0.03950746598840227,-0.03187547652996832,-0.03327893058213991
2,32,-0.07549094556669023,0.0660317076317305,0.06022511738546756,0.057102690590882924,0.006677845035646467
2,33,-0.0612620647895032,0.022662232039488105,-0.03953277201551135,0.08504881069916857,0.02180081888490764
2,35,-0.06169444297316044,0.05521372801386841,0.06473328913915682,-0.010305503157351702,-0.02167074224358792
2,36,0.10288647959372754,0.060174621190409894,0.01659435062870189,0.019734875866062672,-0.03872421399276614
3,1,0.07719509930598445,0.05793936416584618,-0.0018578436993612491,0.07362838625028151,0.021654523682146112
3,2,0.011910181884654474,-0.17786201311489735,0.07411179970720017,0.02139558957850174,-0.05954313436037005
3,3,0.129672494146847,-0.05021884840864016,0.09750779411419833,-0.03049182905389724,-0.058455853842889094
3,4,-0.10253005016383127,-0.13345951705642117,0.07318810689284341,0.02783278689559464,0.016728331619728982
3,5,0.07811947665932867,-0.053195685367597396,-0.12628000837825928,0.044737663353127635,-0.013517688631147724
3,6,-0.15532856080186513,-0.008295200292868874,0.01220800858274404,0.15997640853978484,-0.04652976686710573
3,7,0.04439043414564309,-0.09721319929260377,0.044853958377582354,0.009723600369404173,-0.16204587401147333
3,9,-0.027605530072681676,0.04596521594455373,0.059709390074293836,-0.10410934475996506,0.12000384059892232
3,10,0.08440472959475429,0.05890170892272543,0.13064565282454993,-0.090024575954148,0.07315014498772449
3,11,-0.03753230541830845,0.062183904267190726,0.13207339861982884,-0.11463886244203168,-0.07275632176038259
3,12,-0.08887726827992362,-0.04639614452394407,-0.014292417830993429,-0.049438671330665006,0.08347783019411369
3,13,0.14414986841101096,-0.08797632362127433,-0.06563974173794494,0.02754041973020449,0.01323734150637905
3,14,0.010560008379500246,0.0013860502425499868,0.0864942357492024,0.025985895534550177,-0.08848190078629643
3,17,0.019845684118397308,-0.02716550072871015,-0.08500771867601076,0.02684601295340025,-0.12891597543689765
3,18,0.027141807960762928,-0.062341050546857665,0.09009300540594861,-0.008410138373941046,9.742533575725978e-4
3,19,0.019317514703970688,-0.09989112609235583,0.0012711902577137238,0.11238079869265938,-0.05636389514841411
3,20,-0.2767639276184518,-0.04423121517311716,0.19479334370905838,-0.07764955166494775,0.0013567108968051168
3,21,-0.07449931102589889,-0.14957823212758103,-0.010705313105333555,0.047168486408336915,-0.07187775827387255
3,22,-0.005495729172079987,0.011735049124304252,0.07721069838596623,0.007286110822827305,0.06339557347046357
3,23,-0.05537893591917616,-0.03281274177652012,0.15164882057845314,-0.007537387593108971,0.029621046986467097
3,24,0.039311056398290314,0.03528818953339041,-0.1043296177324057,0.013788477671391523,-0.10080903461555168
3,25,-0.028686706212041974,0.06594419107649982,-0.05585909036976819,0.08730862529918515,0.04179162820292394
3,26,-0.041868401820100445,0.03378433866611286,0.06808792245383061,-0.0734628062760298,-0.02349827052554678
3,27,0.06980236965372744,0.06649544962683793,0.0036684800855470052,-0.1828129463876886,-0.1527447459807957
3,28,-0.0412358609410447,-0.07771362833654091,-0.0985905474987499,-0.03549342515991047,0.01755985710436915
3,29,-0.11011523435137414,-0.029723321954917628,0.07945192275394058,-0.0642053655625931,0.0914609518852627
3,31,0.024622725219541987,-0.02674609773308356,0.09037337301273053,0.0964288002946328,0.04625274157153485
3,32,-0.009396834048078492,-0.05244993970653239,-0.007756508734142574,0.11609870630703138,0.060377438274274234
3,33,0.03927511156461752,0.03267219894907681,0.15361881275978564,-0.010355027060535003,0.06295004362676435
3,35,-0.13869869522504993,-0.03030443137645293,-0.061955073071621423,-0.07507088877432005,0.12138255738924517
3,36,0.08790951693253926,-0.08102593222759868,0.06806178108530411,0.040834593359763235,0.004620777459447785
4,1,0.11206029802760697,-0.04932846797574149,-0.11618062395119008,0.022694306238586356,0.08175481523906529
4,2,0.06973999928290703,-0.010938536931844035,-0.0577911372815577,-0.047196903772773885,-0.1464531756844353
4,3,-0.03086063373982524,-0.037565510860267305,0.0011232692834139968,0.05944672242315166,-0.14568656504205313
4,4,-0.017261048899520504,0.01525581090667023,-0.07378227589748113,-0.04316522397711317,-0.029679172727190707
4,5,-8.976088547063069e-4,-0.03239359320599955,0.0045272465785719945,0.04438124965003301,-0.004168298564854213
4,6,-0.027872043236252603,0.06332036964997151,-0.017818684973833057,-0.15829608848552465,-0.07610340803479773
4,7,0.00958663177185419,-0.0030266041734263605,-0.04463522497381159,0.009064571911335532,0.12281697434418742
4,9,0.06732976720284466,0.03874495622159123,-0.024452137176626983,0.05558194292411241,-0.1111243585469241
4,10,-0.0012858245030257028,-0.056159490069453956,0.06371379319465491,0.05360126992189632,-2.9381147368512557e-4
4,11,0.08031183950355586,-0.17240586038364494,0.00405448693948348,0.0657515972967878,-0.06685732405208658
4,12,0.04878442707745541,0.016102958820864505,0.0075575911370976134,0.026377829514840898,-0.0813712210151635
4,13,-0.041506371280828895,-0.10301355335904519,0.04546313827834135,0.04329722071496674,-0.008261535231005104
4,14,0.09464981546495485,-0.026298221399315577,-0.11725918418046737,0.03917077443730378,-0.030400895009971535
4,17,-0.10242880094478632,-0.011512846681433164,0.01982542525832065,0.04971964665747963,-0.1808970159234062
4,18,0.04474095667764538,-0.02565332159522077,0.012361364762903462,-0.04539919901936342,0.009550878503185783
4,19,0.12224205114539563,-0.03377542353197329,0.030127530976131286,-0.010862358722955111,0.06892159401706473
4,20,0.007087856600175024,0.1483901964500708,-0.030151543862715846,0.04966344808548168,-0.03706091274527368
4,21,-0.17781311769535563,0.15351997256926114,0.038657430917986194,-0.15223316590379904,0.09696829678911498
4,22,0.05042566635599776,-0.010296947287962382,-0.07388397775277171,-0.061486735429469946,-0.10895908954186806
4,23,0.11867403316150373,-0.010219919711161471,-0.08034818734553523,-0.08533917862211282,0.0486464775288598
4,24,-0.05405015103587089,0.008379151423456771,0.1496723103308579,0.16356049140875445,0.044316104200423014
4,25,0.02906177378885684,0.11564257680089246,0.03859997894635851,0.07007953341536373,-0.026667034063156094
4,26,-0.09985101695960387,0.14847367480135498,-0.10132772050894157,0.03509553447335533,0.029635299552868696
4,27,0.04191983321685682,0.04496373970508165,-0.004266703345482507,-0.00956398355382956,-0.028149774506470174
4,28,0.04923367332660224,-9.351741541169453e-4,0.03436743593272587,-0.02872899312094564,-0.11002669568535584
4,29,-0.10879291343034594,0.06309529228976593,-0.07917225835539075,-0.06070739670043942,0.041541248873300116
4,31,-0.04368043702046146,0.003112284155448463,0.038292004650348974,0.14412175957225115,-0.05721026224138218
4,32,0.027233102228497924,-0.02585341211333501,-0.09584769872743625,0.079829691318565807,-0.011043512868177147
4,33,-0.031975647286814124,-0.03331495533864352,0.004068427557404598,-0.0318686557649152,-0.017927195130186736
4,35,-0.008267255744830108,0.03941779343639272,0.09730328504497597,-0.0529337127034292,0.15338748989440906
4,36,0.0691469217089764,0.1720905463149539,-0.07506832006376196,0.09949982905857105,-0.04115004417659644
5,1,-0.18542337650193347,0.14312344970467936,0.034939746450114766,0.043201342100739955,-0.09533708103443085
5,2,0.03553279431988676,0.08933669510442666,0.04207506220301005,-0.02552016705907864,-0.025621954191674373
5,3,-0.15913449411553712,-0.1759496685151083,-0.1524696850403165,-0.04623033619773885,-0.05044001647210554
5,4,-0.05929276785088462,0.06783523320864931,0.04314304062438473,0.07414575577828621,0.09248061899958922
5,5,0.17096412341594364,0.08278239728011619,-0.003528228150271928,-0.15562511023749923,0.018203531726077124
5,6,-0.0018555212634249266,-0.01950833029779908,-0.02426774009140505,-0.08159438921029441,-0.07811231863762746
5,7,-0.014974723721023271,-0.053495392687569115,-0.053797568044583924,-0.09464058786849375,-0.02752092333438446
5,9,-0.12641606278313128,-0.022196815624505147,0.023689854240838307,0.05104699747810411,-0.00574276426818641
5,10,-0.009552059522713992,-0.01035339097047952,-0.06189618012529631,0.03849105905614807,0.15102789833968594
5,11,-0.017785441634346234,-0.0660819485916639,0.021774112851119028,-0.07055501363320574,0.05381813858586299
5,12,0.04711081045622148,0.016607587111531458,-0.08506527842002685,0.08095702704959362,0.0551209729920083
5,13,0.04018636467236909,0.0015406661969424654,-0.08369694167089925,-0.039201526658551755,0.1668750547923285
5,14,0.14460109588961687,0.031457655111857774,-0.09722972033594986,-0.04843739262446909,0.05932697827196852
5,17,-0.028332495958395067,0.053601416921197215,-0.12224610968616267,-0.04787515913931889,-0.024546265969878384
5,18,0.006288449107204955,-0.10180097103484059,-0.12627197894822187,-0.050448429840040415,0.012424634833813772
5,19,-0.055661627808254094,-6.859730182056153e-4,-0.01724683996666187,-0.021046877377271615,-0.021585332204334576
5,20,0.05986836973893929,0.14777009842897243,0.040962808701986424,0.1890503530894499,-0.041742172532596336
5,21,-0.009732900922110502,0.08633402946802105,0.1212388200701313,0.10366059897419516,0.06699591886767244
5,22,-0.10643509160738668,-0.033707138921909734,0.005415000360178106,0.038898093405253804,0.023801547134765802
5,23,-0.0528586429406118,-0.0848357474661588,0.10924607385089805,0.08680509458914833,0.04674303812135692
5,24,0.035956254583284435,0.02819686368565975,-0.078018311818744,-0.010067468173632008,-0.04462412242696879
5,25,-0.021764841308300198,-0.01689431615392812,0.005498781118677944,0.1320857297919251,0.025862145820541707
5,26,0.03906558880645476,-0.0660398878517606,-0.09549766933359492,-0.03586394518221859,-0.02445291638250402
5,27,-0.07476651028348466,0.07086435865130729,-0.037754419254510764,-0.10826236635371456,0.015477756790450612
5,28,-0.009648849076775465,0.00760926411164764,0.11368558014064209,0.06384001234915178,0.05522738615149144
5,29,-0.06587017516994739,0.20904797350235813,-0.09627104886375809,0.12324576842977553,-0.029992907812818905
5,31,-0.0023017911844835023,0.1054216554137847,0.01523217381223868,0.011675737497911787,0.15429526194544993
5,32,-0.08960263537843391,-0.034957952070278686,0.10662312428648604,-0.020421191658343885,-0.09199502923514824
5,33,-0.06326260133186595,0.006315958745495433,-0.019109626889333216,0.05015900861933093,0.10263362622376432
5,35,-0.11410174486240465,-0.12944713992509665,-0.0026657618818114806,0.017467505938592826,0.05273867992667986
5,36,-0.04800216238314074,-0.20024308906347982,0.129440655943455,-0.13711586437782075,-0.03935944229167561
6,1,0.03260570935910225,0.07570446661170406,0.03326238705886238,-0.04418150299682632,-2.2484231568725352e-4
6,2,-0.03322873307132789,0.08634618301561366,-0.05174891699422265,-0.1642270851119356,-0.03502556665908517
6,3,0.04860022411002897,-0.025986676050571103,0.1261080115508934,-0.04087782135940538,0.1056269395667693
6,4,0.003835239910456603,0.1013909219579887,0.05186620530747359,0.012499713196364708,-0.17433327299208323
6,5,-0.0021212204532413473,-0.0582520212255131,-0.17662733255083501,0.1228327087341319,-0.024225338889840874
6,6,0.10921335191930029,0.054008754099263104,-0.06514173323970222,0.06995678114145683,0.0761080634942969
6,7,-0.12035101751990768,-0.15226296243728066,0.07190954288106849,-0.04468061991114701,0.03945374971717197
6,9,0.07756475619324962,-0.08452742083723928,-0.05876499695139875,0.04007185189035497,0.03481332610170975
6,10,-0.009590708098434805,-0.016679955538184153,-0.05549630340340719,-0.16958368538402416,-0.030637146482505276
6,11,0.028602222229009613,0.13573168344105707,0.009161430788597671,0.0345584148591837,-0.002527916444343442
6,12,0.03244481502661861,0.006082403278374561,0.11338125773683944,-0.08919064274916666,0.10842514482453278
6,13,-0.04952032042380142,0.047134377216035826,0.10700962019839438,0.06791147900094532,0.07633923846358635
6,14,-0.12327787058411924,-0.046835089495336234,-0.087376836815772,-0.04790519411355046,-0.10420896585250636
6,17,-0.06826678154142315,-0.0027448747469881254,0.1546686267325974,0.16927592488991572,-0.009585700354769605
6,18,0.13250966198235742,0.0945373099116884,0.029205305175966437,-0.09106038661235266,-0.07084359854383263
6,19,-0.005370423007021088,0.09395548249882285,0.07892112682193372,0.028015288735119926,-0.11787900193009017
6,20,-0.2225271003504914,0.10599463849518315,-0.11201408029092516,0.037437255988721795,-0.023388659164174132
6,21,0.11736618381125222,0.013397388016397956,0.038245673675006794,-0.05218774865964305,-0.12358884124826561
6,22,-0.04540956968911147,0.04583222296060067,0.026459404372190527,0.06530777073295543,0.07710656858161921
6,23,0.030011092141421086,0.014981148197673988,-0.05217096576626615,-0.11407038978439674,0.022247508413588715
6,24,0.12290401693518144,0.129876410318586,-0.018715130397573203,0.017847887274862625,0.11994378535868164
6,25,-0.019180504429291124,0.0452971616249888,-0.02753935495837795,0.05016028277945431,-0.044170571467889226
6,26,-0.11056013062771541,-0.03888199627308131,-0.1313592986497726,-0.051280291595510924,-0.02390400099185544
6,27,0.05188201801598361,0.008065715010282859,0.036941613026784864,-0.0669285045956495,0.001594313262053497
6,28,0.06427859454769835,-0.13129391168776747,0.06648799199994462,0.012926335693506735,0.10321024034778348
6,29,-0.077735844346718,-0.06886008373291286,-0.11383798692519242,0.0749693426771321,0.007905754789945842
6,31,0.0782076489201268,0.032866168460338116,0.038281560646503204,-0.0060303490281704425,0.08960813572861141
6,32,-0.009271387185627568,-0.06216769702469644,-0.016300873879719666,-0.010719539703345111,0.021985925810620584
6,33,0.022885947990247155,-0.021781814555122035,-0.13461506612016205,0.002570982437640753,-0.07571937856616215
6,35,-0.12313722377372432,-0.10312861874045537,-0.009788729261414383,-0.10032208437773349,-0.014087900463356132
6,36,-0.00524046649191965,-0.0314118989733691,0.13312430484165144,-0.04307433012580661,-0.011480973259906081
7,1,0.010890677739831149,0.09506588938340353,-0.008362143374231119,0.0465863492719963,-0.13213644977676103
7,2,0.06575163308893016,0.0079405073605366,-0.053360603517104574,-0.05986150820255233,0.06507029271959433
7,3,0.03976807609336022,-0.0575152127829694,-0.0017561245328204349,0.023997976630772758,0.09106669374975976
7,4,-0.09275921765859078,-0.14941151787346324,0.008610689941128985,0.008761788021049315,-0.09755988591386651
7,5,-0.11516635159467015,-0.11459551139308846,-0.18775958458674324,-0.028619282987000103,0.046976350818004324
7,6,0.0062232322214904896,-0.015175926910849534,-0.13586120555553566,0.055045729030500964,-0.10426225577421463
7,7,0.07102063377853345,-0.04682574219715417,0.027234037613704236,-0.001333055037870394,-0.024959341658356518
7,9,0.17766912614761474,-0.1603128594333721,0.06271553364430785,-0.05581191620221121,0.046639500796023095
7,10,-0.04606275206370846,0.007754730164858916,-0.038443702112133105,0.10351796560128698,0.011094570112165344
7,11,0.056576321102365046,0.15573993329842573,-0.10870475325643637,0.011881366625683065,-0.16207323740656504
7,12,-0.06050280808259443,-0.07793779810795853,-0.036004447795663065,0.09768043138028976,0.026669099870099033
7,13,0.06885450532147845,-0.11081556323546318,0.0431218724829987,-0.16054484336974947,-0.09628937153241082
7,14,-0.028481050359861725,-0.014575829806849488,0.09914349882526871,0.0028629947435693665,-0.007260741493871796
7,17,0.07860991497599171,0.041301457597105504,-0.025173691748601443,0.10472758198532076,-0.12076723662740832
7,18,-0.13619395001903326,-0.03207014637514707,0.06834875692480658,0.029583245928718895,0.12873689226145865
7,19,-0.040022092156577045,0.07597049823107108,0.14039458180205747,-0.254404162555867,-0.01567645804023086
7,20,0.04635993017476317,0.07259021409570106,-0.022456434968665964,-0.09379295791324041,0.02180062384742365
7,21,0.12147127506388344,-0.11041922471032545,-0.01134613299785598,-0.09249644054569059,-0.15898866960920233
7,22,-0.09633255132997175,-0.03998684775865538,0.015302414494043431,-0.10027237379263704,0.07685187952325565
7,23,-0.03352469130825938,-0.0024900236573753287,-0.0031551641929849217,0.09186226611672059,0.048798029226361325
7,24,-0.010896130368209543,0.021761017129763527,-0.024092866905089362,0.04363537528320294,0.06408196888859374
7,25,-0.07837005420136428,-0.0837937360026281,0.05125164720992605,0.06295984527094746,0.13191809404157867
7,26,0.08833695988514739,-0.05722263855327714,-0.11647668212921686,0.019285995266411164,-0.11951614042485757
7,27,-0.1666858789605656,-0.11798834207717362,0.11928414707351875,0.20028078053559262,-0.0918376244408563
7,28,0.019095866134403863,-0.08237893111343358,-0.043863564069173785,-0.1075405766692302,-0.062311830821062786
7,29,-6.379694387596835e-5,-0.07717258149031457,-0.038760923662008194,-0.01931131937720433,0.12352659697223907
7,31,0.0440143966288195,-0.13629477628738063,-0.03295316422761094,0.005399795089046366,0.012421701387201943
7,32,-0.05669303797345473,0.03252286363413216,-0.061281246778810236,-0.08904267972261766,-0.04383831589451243
7,33,-0.03655006723136913,-0.05493962804575499,0.019770968572666178,-0.005787754370386578,0.03315617544320054
7,35,-0.09552183860542195,0.20048110749274992,-0.03434897965905162,-0.03106582578491393,-0.0967709400029183
7,36,0.03772612407818997,0.1586984252246847,0.1376879074372567,0.007294165754791918,-0.015257250845229766
8,1,0.07596426128250093,-0.08242755414523423,0.09944168496791163,0.05321111224144578,-0.06070883015971242
8,2,-0.02544196804521459,0.015442490890129765,-0.11043236279830262,-0.03987850523321734,-0.03137679846614819
8,3,0.04850137601746894,0.09528910956638581,0.0537676648158956,0.05824421711893638,0.08334003237221554
8,4,0.12228771757015686,-0.06646023886841379,-0.11664275450940277,0.004736611187457725,-0.021711867081693106
8,5,-0.03959709247096021,-0.0507656218904174,-0.10173474566885343,0.011389639448543834,0.09591611420595941
8,6,-0.1271755838637502,-0.008729544401663979,-0.05654424132584509,0.0014869497772634216,0.05877617378098498
8,7,-0.0355681231246065,0.05122681384303733,-0.01656701569957692,0.09329540063702281,0.07130781827082704
8,9,-0.03745807843749708,-0.03869367214398507,-0.16329365941878876,-0.004048288780449251,-0.015114435626581352
8,10,0.011499714636345536,0.042023232902858546,-0.04998897218596897,-0.062257243868946925,0.04435552910312147
8,11,-0.05647649267516156,0.052572268204452086,-0.09352144110883576,-0.104197486677409,0.03541187969268018
8,12,0.014198712534020198,0.1944845774965514,0.003307986138986224,0.04772627436070627,0.16058062985218946
8,13,0.03720903252015875,-0.06827845652465062,-0.054318059209703944,0.07457551768714728,-0.02821754699177119
8,14,0.0028657564826244063,-0.03482922482014039,-0.08069724389948833,-0.12134902563941616,0.019178238170237324
8,17,-0.059463721765356956,-0.013338730012326883,-0.08022942950804016,-0.056840776156136516,-0.08334352534052102
8,18,0.10849277966421263,7.023213011351573e-4,-0.017284888094160053,0.017453106866447167,-0.10318069107692682
8,19,0.0502523512239882,-0.03425295147127124,-0.0510900036085814,0.04338013224782217,0.01657464721821183
8,20,0.13243233367984875,0.020479464932609912,0.00137017420545206,0.026317529054592975,0.2319225259941394
8,21,0.035486098303610866,0.00755618868487086,-0.09688063174201333,0.03645383934375548,0.05024625973962997
8,22,-0.056622072381214715,0.04708107236507389,-0.012091153784153569,0.16868296662504323,-0.10200975098744393
8,23,-0.16066871793048504,0.04618794808081554,-0.007922194944872452,-0.06584992719891823,0.09092975396479105
8,24,-0.010779079558062177,0.07183894480739154,-0.046159221742801404,0.12620688616781267,0.0695292816108828
8,25,-0.07906135559717617,0.11050154653391597,-0.067125972150256,-0.04016925702286132,0.0044467086591534755
8,26,0.009130487488086429,-0.03456477142195567,-0.09820160770879871,-0.009022866460554238,0.054580117991396115
8,27,0.012612313974313817,-0.011864175991195401,-0.10993537313711221,0.04146875788663684,0.061158975267788046
8,28,-0.10363629618750816,-0.10061289245411975,-0.02176400717283563,-0.08688331283737448,0.20681232884145992
8,29,0.02615356873831773,0.15525240873320342,0.06296183615376576,-0.11082441267930594,0.11122471354372729
8,31,-0.06570012265355893,0.08580470129245052,-0.10089584716143551,-2.5443914603131765e-4,-0.072188705457929
8,32,0.13150477645148942,-0.016261382344397758,-0.1071541077642866,-0.016841121790392287,-0.03233274507126312
8,33,-0.15063971217805974,0.017144308323713584,9.969270800848952e-4,0.14218339776005412,0.05219081995501017
8,35,0.0538145948127598,-0.0909500987726135,-0.004511177346154624,0.07400023957936555,0.13224844354207235
8,36,0.04296483819532469,0.09255790776104109,-0.012191259245252519,0.09647227763749394,0.10181900353715861
9,1,-0.0502397953682568,-0.05427102304479588,-0.11465671622319121,0.06832587972811431,-0.07185580839534335
9,2,-0.0171789708215232,0.138590415449414,0.037508779546882046,0.053599300885574165,0.03217688164988117
9,3,-0.027143440702869597,-0.06719286466755925,0.0186334679772356,-0.125559401076974,0.03477557655180625
9,4,-0.11489161391148855,-0.18701566946275794,-0.06135253092720239,0.0075141570185977506,0.005607301273892959
9,5,-0.27195937100193507,0.0286953846126535,-0.13217816622226436,0.023517060148260986,0.010784257897714498
9,6,0.04885705796408758,-0.024533784753075626,0.046204683906600416,0.09069898375193461,0.08629952431451872
9,7,-0.12808990730995873,-0.06567442643424456,-0.07023453851748458,0.10768028284525334,0.06306738116854191
9,9,-0.049079186956487476,-0.04722005788855485,-0.11916994423632876,0.06994198841936906,0.028599037286874053
9,10,-0.14612021491428878,-0.06619576745685853,-0.05679711715511533,-0.05527045531265083,-0.06459595500153979
9,11,0.005504193513534181,-0.027980285277406185,-0.1243923186937307,-2.8232728770279797e-4,-0.021591921938260795
9,12,0.04977283604731062,0.03910920640925399,0.04998785207361029,-0.11612495418876545,-0.0054669176937129985
9,13,-0.22272968880749242,0.19218297855894892,0.15155984197714947,0.052329362124659565,0.01261770257843791
9,14,-0.08527538999403905,-0.024199876241015453,0.01196495483770452,-0.11557034175046024,-0.05724090867232805
9,17,-0.05841959330101264,0.049364922110607445,-0.08024970383283138,-0.03256189665193204,0.008890411089941506
9,18,-0.00356589250828495,0.07958774780150696,-0.047974875356836366,0.031864827652918835,0.15354594695549312
9,19,-0.1138475482892788,0.04293995131918715,0.011008136462084574,0.05750223522046047,-0.13120476106640638
9,20,-0.01942084459274758,-0.028732432397676706,-0.09254773667147036,0.044718659165916955,0.03691640619506731
9,21,0.017031908793195466,0.13863171037732147,0.0072760960200290645,0.17905280103901697,-0.004995731818398255
9,22,0.004749765169249569,0.12291149893351754,0.04741534834450112,-0.04418386766147925,-0.10700001795170153
9,23,0.1309217920357721,-0.04887789103426214,0.027532246145399814,-3.5028949026738587e-4,0.14738534069714151
9,24,0.10109510035406227,-0.06123189883880838,0.06936106417055232,-0.14204572635690682,-0.008443387654802618
9,25,0.017549372346156045,0.04142417056938898,0.045576719120793696,-0.03176132593777212,-0.11326767959454191
9,26,0.0367603285261854,0.04619843687787768,-0.040362333561444745,0.020901254980497237,0.026281888994858255
9,27,0.02567496158436218,0.061487232558542576,0.006339632568205536,-0.10240039873741863,0.04093537927489201
9,28,0.017715980156514183,0.19626800921185006,-0.06772292127797,-0.05576111597241039,-0.06073904629020348
9,29,0.11721593536275221,-0.1003085453266157,-0.0037869986344921357,-0.03378092822161853,-6.014261733762981e-4
9,31,0.025734621554718295,-0.022941919667512106,-0.0826161641537426,0.019945842685744626,-0.11966132433966317
9,32,-0.1000098959160599,0.0034646243947900612,-0.10568419331954473,0.04032695537234432,0.07131461212922283
9,33,-0.039687831049111284,0.07103872545146046,0.1056642662032621,-0.015910913923937064,-0.04034235754606033
9,35,0.012680742240918176,-0.04794828961680743,-0.1326582922420648,0.07397634410006501,0.022224932489062432
9,36,0.010399414318509421,-0.10649050447547542,0.039949638121571145,-0.019202106429697496,0.049522700025339705
